JkrhW729sgIekZ4D0yn58xeNsoRdrdNw,exp-none
yLnl6N41bYwG0BnVCXfk4YGplRghUB5W,exp-none
zHyMZ5tPbSYPZS2TTZ0aWGrZWcLX0Vs2,exp-basic
oOeym5IhVgpPinhvHOXKTl5hQqJq2WDC,exp-basic
4jHFy5S4M6Q71L7ENzGASQp6G7CipA3c,exp-basic
AiE6MND0ZBGavLscR9lAFwmYFfVSmpkk,exp-basic
PWk3noH463scQg8qOLHFotINFcd39wiv,exp-basic
p8BUAisPShQ167JxDkPPTX8uG4PE8pVT,exp-basic
73Mzhs3xpzpq22PM3SGuUFgRvDGXv9vp,exp-basic
SHyLZWnwexsMRDWtLg7Sob6JSXvhYwM5,exp-basic
FVkQlopuckVQAyftNfTrv2LIv3nlF8Pn,exp-basic
ZtNFk8mkbcmT2TWHGRYemipaAUsF8BtS,exp-basic
gz8eRyfe6wIl7BGgpYeocBYcIV7OwjiF,exp-none
gqBwiwqitlUKqCh1sgWTREBM48kcnzkY,exp-none
ZHcjoLX3fLg9WFgOoJjYKHabcYoxDiT9,exp-none
fDmR4r9NnonfpbTAK9TCtGvUW6A0AuK2,exp-basic
1Opd60rOKhjPxoWBUMIJhbIFHGdHp8fQ,exp-none
RJEDQjy0ZKSUKyKaPrmkTb0c6UTXrUIJ,exp-none
1YxhQxapaHWS0SiOOriBkPo4bkU9Huvz,exp-none
Yt2eRmgICSWluu6n5oh82KnPq0dRpsux,exp-none
Jw6VTfVLULL9El4Q9FJJOY0iYv59Z8ZI,exp-basic
yeKbL1q8k43EM3M1CwqCALAK3lb6EHqU,exp-none
zOWjnPjALPayRsyl6S4wanbu4oMRSIf0,exp-basic
VzU7QH1rdWKx7sX1mfERsFyZqGnrVf5v,exp-none
4ZmgEVJ6vuE6QGsCzriSa5QFXw26m0ZR,exp-none
TxsGsb4ktjGj6QOsUFAwrZFT7GouMSvp,exp-none
2kEHAcBZPYjcKK4jSoPDTvJWe5a9e2zr,exp-basic
1a0rn0p2SWxTxpnLca0YmZ0DHpvatFqp,exp-none
6eqlmmUN1tDJFHmcQja5xR9V2cFeluC9,exp-basic
AvOAFlayFJbpoNKyi7u8P2df92uiOeMC,exp-none
s1xgsj10VtDJUgzQyVQmyMZCUkqUcCwc,exp-none
Q2DuHwbgXBsPQ96EXmp771Q2E0bVuZFd,exp-basic
eWQLp9zK3ZdBuXsPzer4aE1S25WMumKf,exp-basic
VvE3PoskhV3iGgFjVjarlwC2Y32nCX5P,exp-basic
DXEedNS4d8d8HGMMgxSuY3wsRWFh5WlX,exp-advanced
XlQb1ITVwl1whiQX7UuRdUuEbwTo9suI,exp-basic
yzrpLBfp5gx27Epl0LdFlV4ZNkWHNFlb,exp-basic
TRdgaa1zUgT31oki9ytEb43DLo0Hz4wz,exp-basic
Xduy3YRaQ7SVxrSzdBcVzOdaD28rUAdX,exp-none
HaXQTRRkKS0PKXnGP1V1zMJqBLHx8Ooe,exp-none
slI8tL3JUXhOrhwcMdHQw4DFfN1ne9OW,exp-none
PNMiw32hdqrpbruspv4bKRsoStxDzTvk,exp-basic
fU8pxaCd6sk7Akqm8nyg89Ago27Jxpho,exp-basic
kxukYhJwqJjbLQvwUPw4ynlxI98rf76w,exp-none
QUkWRLvT1IGnxNTl2SndU2NEL7WSX0BF,exp-none
dGjSnN54Y8XdVX8sGbFnbHNBxrLrF7d5,exp-none
HkkhpqZI92FddKnEwdqRJa40JSkBRpwE,exp-none
O1uB4lH9dKSrCFl2JT5EoXr5CaTXqZSc,exp-basic
4g6YXw7bWujQZhpzfloncOGNJhJz6xWb,exp-basic
J14UWxHG6HCJD4FMHrBQgBQDxH6v7dQM,exp-none
h8vcttwvK3f5hfExGOawPfyfVS7FA73E,exp-basic
9L3iMNGYD7vfCtDgXqPTuNhidlHZCLmW,exp-basic
UFOmpz2kVpn1sBkgVmhC1PJm8szenNqx,exp-basic
L9Gam6KEdRtPqyZEHQ72OoH2HQDBiUmX,exp-none
0xUonRriHSQFC4jZSi34vdZqEVXioOt9,exp-advanced
PcgCVxXtlqnQEIsBZ3iWm18MuaCwdPJp,exp-advanced
Lrjixe1suURbuEBDC0nJhVV41UKLovZC,exp-none
t6iA8EZBsqBYjrb3jIo3qMp4HtbOA0Uu,exp-advanced
U2p6Y0ZJjNQMNeif46YTHNEXWVTZJZZM,exp-none
YOnfWH3fWuYT1ACeYuXIoNjV0ck4hJVZ,exp-basic
BGK8jzohwUwT4ScTDUrs0Qn5lKnRIly0,exp-advanced
zaLYOxLECjoadeUuMyekiGr2CQNDwcmS,exp-advanced
2km6CAfoaKHxO1ZpLOihYGvWcTUIlhdP,exp-advanced
QuRUG2wAQk3gCpIzQ0AtNaY7zTSLy3qx,exp-none
KKkwP5RdRpAKRs8WtVfNlBsQKt1MuTOB,exp-none
TQIyOMeWEnLaEDat5OQMh4gcCNgUHCP0,exp-basic
1qUdadHGeC9FSK0Xgs5hroblgOoidMbb,exp-advanced
7KqWBxEPMrw28XmQZ900S7Fs7euT9ANI,exp-basic
87ry3vuCpKmxD4WBSzNb4TuPWVdDAzVB,exp-advanced
iYjRGSUXRNGwbzNyrv3WaeHHKWG6M7Dl,exp-basic
m8CEdRB1z5eObO3OwW1Gb5psTr3gxxsu,exp-advanced
ZHIsMmF4Y3VEUxpRYdmKerdaSMWJWq8b,exp-basic
Nv19Jt73GPsJWdMCeSgohIW0DJ5RARtk,exp-basic
4N5dRbPbYHIjUXMddKjV6EJsiO7DyjWP,exp-none
nOOMrFV1kBMfMZTtfJuMsDonq7aAAwPS,exp-basic
IZ9uw6jnspev5ibFjHDq9EcJzzgKoCtb,exp-basic
nlBgcz4xQoFpYCuvGpk3lP91i7ahhpV0,exp-basic
56KxARUpeOvgGsH709nMyostt7G7Azxt,exp-basic
RmE8XyflHB9I8xYPFv7ufrslywXqwRTg,exp-none
RBwQJmFW5o6wJNz0cU1vhz5Ys2bKIETm,exp-basic
YMEeXuspuhgn7l5ATkkTY7yiA3WqcgSh,exp-basic
6UpMekJkW1p03O8bRY1gmlqQLJE2JikV,exp-none
FZiPynlhvwJNm41tOD1qA4uSz74bpHZe,exp-advanced
IcyE8kq00O0TvMswf8wZnhak8cYp2QGs,exp-basic
8ojZp4X2Ocs3uWJ3I7vxIkEB36FwzvEI,exp-basic
giIlmuRXeopLpoIHi9boLcAGKgK3F5q7,exp-none
DvLMRn5FCZilS62JEy7RUjofNXerUdxj,exp-none
nodQhKO8jqRRHMU0PEOamdmAWPYUB2Ew,exp-basic
lZR3ie8oK6UL1NE18gI3KmqZuImiEBWr,exp-basic
OKO7R1pzt6YIrbbLaOM09g1CAT7KnC5d,exp-basic
a8yvGbtN1wzdrdrZRBFJjos2lDW5HBNh,exp-none
g1AwdBThFSn21YybQWznKX6FjjN9NRrj,exp-basic
YtntjS0fwaIRfoWFYsbLZ9MVFxMOTt4R,exp-none
5cvVfOLMT5DenTFJC0oGoQFIvgwgnmwU,exp-advanced
D2Ps00TH8tTpixdiqj2vTDUa6swq84Oz,exp-none
o6oFm3vAdpHbTllBDUq2az30j3roOIMB,exp-advanced
bp5sQrfFpJ58eW3fJlzubd27qjKjV1dL,exp-basic
crAOaJRCdANqWaIIYFLLRSFfgiVIsrl6,exp-none
cmjOVo901g6xy351bOeRyRnaF8ELrsBw,exp-basic
DCAf8Q7kNkaDtaUjMPhxhku7oq0eu7S2,exp-basic
oEJy0Mnb8taEBwApe7Fs5Q9oajc4dhVZ,exp-none
J6RfsrchPJhKFdzrFrlH88KLe6PuJ0ak,exp-none
TWSLhOUtsfJ7ISzp0RRbat8s7lLCXU7C,exp-none
OJ33y4Rr7CKUrijkMbkNZRBnUoWapTuJ,exp-none
I5dpRBADzLZlJF8m9IU4dgJttYEjR91v,exp-none
Z0XIZho3VDUOkwlrh6q22HPT7KHPHiqY,exp-none
erxqZJZkRTEg4KaPgEIliRwZqg5EVgjY,exp-basic
5U07iH9MoI5DuiH1t3nJ30XQDrRezXQ0,exp-none
S9vySeo5SVfBMF1Cv021vMWCTuM0LQAW,exp-basic
IP98BfQ3NFZhY6CvOAWDSSn3Zv4vbp59,exp-basic
bvuKbi7gjoa5M6Fj0JlUQpLUcolOWKJj,exp-basic
yuFe34Sabrfpqdtg4arfzZKLr8apCbuo,exp-none
rywmr6vrlg2I1aL4siv8FX7Pfr4w2rOL,exp-none
mTQpicSGKk58SR8vVFlrBCdcGl5cZHhN,exp-basic
ri4SbrSeiEAFL5ipWpYJIkl5oTcEz045,exp-basic
iDxasD9y1EGQc53Kk9s293khmi1GX8cP,exp-basic
tc1v63E6MY478VgDZZEtuQOsB3M1os18,exp-none
kzwS3U84mVGBCDuG9mlvnlTsAHX47nxp,exp-none
1i8ODfQc9O1QCFXH1WHOWdqyh9aXnRu8,exp-basic
oE8ZNcHvrGoG9IpcX2GzsaYaIylKaxYy,exp-none
nFhswGh9DwAmBfA191y0s6jnLpm9Xy6A,exp-none
pY6Gzy6jIa3ll9GoogKXPjIai2G97i9c,exp-none
sYFLTgvdR438aPWBfBy5suKc1zTSaIj0,exp-basic
TUqx6DhM1TKunszibMwQixtRPxEtdBKV,exp-basic
4DhTcGM8MYIlSlm1ErKbWgxepnyxE05y,exp-none
9ut5cQcW4p6ro04qNc4AccBVEf9yoSxX,exp-basic
DptHeyPC42YL5mBk8BhPQWEVt4B0SXtw,exp-basic
5tcvQ84ZkePWi0r9YdrmMZbYpkvVukQL,exp-none
Y9nJ0fQdyXDHVrm5D3cdfdrZiFbDomRY,exp-none
qUnxmctfUy08hGPw0PX9sxNypRketldA,exp-none
hStQjMRSJbEkkBnAvmgEzt0RTf5eOkiv,exp-basic
ewrSfTzpy8PmcxgxxnlxKvwZBTEWwKoO,exp-none
N3oSU4WRjIEKYnU1nCqKPseFJWXUDEk8,exp-basic
hcuNa2LGpsLxycVXNUXHuqYLWtaVK85t,exp-none
b2z4yvoijGN6ezIAcWP81YUWi3caGIx8,exp-basic
TvCbXHVHjIbqD7bilniUezzpdn1gRq61,exp-advanced
BHvSDSNmTmq0eyQqXIT4HNrubl8y1QNo,exp-none
cyS5M1qoC92bmDvJYNk1v7ruu046N41E,exp-basic
3XGD8LzaH4K85Tu326nNTgyfHwWAeeqm,exp-advanced
pT7DCS4w7BZbmYkK69Po83kGAz4zO2OV,exp-none
k0Y7ICUKjnpfI2MFbKmwgYmjdQgOHAhT,exp-advanced
HfSuiUeOIH0YSB6MzQNslNOaCtgxIDYm,exp-basic
fFgTgTz9jwIhPtlvDomgZj65oCdctqa9,exp-basic
KIzMRFFEloQ0GCWhcfV2Dj7IGTk408Ql,exp-advanced
9f5b8OEDf7ST8T9aEUPPpvxzE6uzP8NS,exp-none
pFQcQ0eJvk5OlRqI7qhsmwG2IivFsARb,exp-none
P525IBs8Wa99cxBwJMQecTbGVSsJnH0D,exp-basic
Lehh4CYyTAGtEqAZq2EvcBTeJcpdiHpb,exp-advanced
DL29QMw5XrTfWN2FBgG1eSG6Fb6mACAh,exp-basic
u7LZZpMsgRq5R25OGJYwZP58xYRPpFvx,exp-basic
2yj3oOSzzNlhXlm3l5L80DVloBVu0NqV,exp-none
DtiNxISXJCMwmtsN2LUQi77GNhRK9ZlX,exp-basic
mEvA1VAzyMph4rVUx0DNgG40GnAu1H97,exp-basic
AZXg06o4Xknw0e6lpmk23AgNUWUs7sLV,exp-basic
GCP3yK6sDoizTsPRXQvmCUuaxHMziAdg,exp-none
EBZbeGzEBMlQJBKUBjKaZScICmeolMUV,exp-none
3EEDLg9N9hIGfcrNN7OmAiuEiLIURUFA,exp-none
uib6BjRhdYFViqtQvnhAfAk959Pc4fXq,exp-basic
H0fnOGjz8QWh8xPe0CDCGZcpTS8Om2Bu,exp-none
dH9fOigaSadcyVg3HEoDOg7xgTD9sHYu,exp-none
GmOTRyxP3JkfXx9VgfRMKsbZvqRxPizn,exp-basic
RJqVQUa5cv82WLqbgXKB8MfMbV73kvjQ,exp-basic
El6XJF89bgMRSaqkR1lDp7mxx7Phf9Tx,exp-basic
ERFsCAdiIxLPz93BBpdQ88oyUw0r2Otg,exp-none
OuQc3JH7a5zbEz0yixeKfWhGmUqkaGKR,exp-basic
8nChNaiuOZS9Lyqw8zizIwu5rNyPPMZk,exp-basic
kGXrGofbezl1MjTAWDZjfZoqcwxaDoGe,exp-basic
2kvZe7fnZWDyncts8uYYA2MOs2rAbPjc,exp-none
krA1hLj716qiuIyk0WeHeLAngzFcaQN7,exp-none
HOqdxVbfuO20iyowMN2lRXjdzXtmIWLp,exp-none
RswhciDdxDT7yJDxSR7Kqqpkq4VjHCSH,exp-basic
cKonvT0pj1CTWjk3ebHyww8Uzs0rPjuk,exp-none
7elNFbexkPDz1T4fLPStKR3qf9LoQ9kU,exp-basic
5s673T4JLBH8oHot6kz2uOhjHK0yh3QK,exp-none
9tqpDdYINTcLRJpGrfd46ImobWSJkD3m,exp-basic
yrwkPViQiLFw5EweugBjwvnbbA5rePID,exp-advanced
XQFG6Fpevdwui5YFjqPuBdqO1RJgWOcG,exp-basic
4qFhZEoHwA6KnkB4hu0iDU5DXI28IWbU,exp-basic
Hvzw4YEyBkNiJ4C3WV31bSf6MixqxFoK,exp-basic
e4HPVrbNqsPxvZJ8wTL47EB0vrUHGr24,exp-none
eBOzCivJoiAcEP7bQHRkLAPOG0LRUyhv,exp-basic
AbsCqcXfJ2FKfrNP6Ti0oIcmGYKRLGxl,exp-none
W47vRfcfyAlu89CHEW2367bLVnroCQ8i,exp-basic
znqKEBQLaBrJ3BLBrdnf27cYszgIpdg3,exp-none
