JkrhW729sgIekZ4D0yn58xeNsoRdrdNw,usr-stem-degree
JkrhW729sgIekZ4D0yn58xeNsoRdrdNw,usr-uni-student
yLnl6N41bYwG0BnVCXfk4YGplRghUB5W,usr-uni-student
oOeym5IhVgpPinhvHOXKTl5hQqJq2WDC,usr-copt-student
oOeym5IhVgpPinhvHOXKTl5hQqJq2WDC,usr-cs-degree
oOeym5IhVgpPinhvHOXKTl5hQqJq2WDC,usr-uni-student
4jHFy5S4M6Q71L7ENzGASQp6G7CipA3c,usr-copt-student
AiE6MND0ZBGavLscR9lAFwmYFfVSmpkk,usr-copt-student
AiE6MND0ZBGavLscR9lAFwmYFfVSmpkk,usr-uni-student
AiE6MND0ZBGavLscR9lAFwmYFfVSmpkk,usr-stem-degree
PWk3noH463scQg8qOLHFotINFcd39wiv,usr-copt-student
p8BUAisPShQ167JxDkPPTX8uG4PE8pVT,usr-uni-student
p8BUAisPShQ167JxDkPPTX8uG4PE8pVT,usr-copt-student
73Mzhs3xpzpq22PM3SGuUFgRvDGXv9vp,usr-cs-degree
73Mzhs3xpzpq22PM3SGuUFgRvDGXv9vp,usr-uni-student
SHyLZWnwexsMRDWtLg7Sob6JSXvhYwM5,usr-uni-student
ZtNFk8mkbcmT2TWHGRYemipaAUsF8BtS,usr-cs-degree
ZtNFk8mkbcmT2TWHGRYemipaAUsF8BtS,usr-uni-student
ZtNFk8mkbcmT2TWHGRYemipaAUsF8BtS,usr-copt-student
gz8eRyfe6wIl7BGgpYeocBYcIV7OwjiF,usr-cs-degree
gqBwiwqitlUKqCh1sgWTREBM48kcnzkY,usr-cs-degree
ZHcjoLX3fLg9WFgOoJjYKHabcYoxDiT9,usr-uni-student
fDmR4r9NnonfpbTAK9TCtGvUW6A0AuK2,usr-uni-student
fDmR4r9NnonfpbTAK9TCtGvUW6A0AuK2,usr-cs-degree
1Opd60rOKhjPxoWBUMIJhbIFHGdHp8fQ,usr-cs-degree
RJEDQjy0ZKSUKyKaPrmkTb0c6UTXrUIJ,usr-cs-degree
RJEDQjy0ZKSUKyKaPrmkTb0c6UTXrUIJ,usr-uni-student
RJEDQjy0ZKSUKyKaPrmkTb0c6UTXrUIJ,usr-copt-student
1YxhQxapaHWS0SiOOriBkPo4bkU9Huvz,usr-cs-degree
Yt2eRmgICSWluu6n5oh82KnPq0dRpsux,usr-uni-student
Jw6VTfVLULL9El4Q9FJJOY0iYv59Z8ZI,usr-uni-student
Jw6VTfVLULL9El4Q9FJJOY0iYv59Z8ZI,usr-stem-degree
Jw6VTfVLULL9El4Q9FJJOY0iYv59Z8ZI,usr-cs-degree
zOWjnPjALPayRsyl6S4wanbu4oMRSIf0,usr-uni-student
zOWjnPjALPayRsyl6S4wanbu4oMRSIf0,usr-cs-degree
zOWjnPjALPayRsyl6S4wanbu4oMRSIf0,usr-stem-degree
VzU7QH1rdWKx7sX1mfERsFyZqGnrVf5v,usr-cs-degree
4ZmgEVJ6vuE6QGsCzriSa5QFXw26m0ZR,usr-uni-student
TxsGsb4ktjGj6QOsUFAwrZFT7GouMSvp,usr-uni-student
2kEHAcBZPYjcKK4jSoPDTvJWe5a9e2zr,usr-uni-student
2kEHAcBZPYjcKK4jSoPDTvJWe5a9e2zr,usr-cs-degree
1a0rn0p2SWxTxpnLca0YmZ0DHpvatFqp,usr-cs-degree
6eqlmmUN1tDJFHmcQja5xR9V2cFeluC9,usr-uni-student
6eqlmmUN1tDJFHmcQja5xR9V2cFeluC9,usr-cs-degree
AvOAFlayFJbpoNKyi7u8P2df92uiOeMC,usr-uni-student
s1xgsj10VtDJUgzQyVQmyMZCUkqUcCwc,usr-uni-student
eWQLp9zK3ZdBuXsPzer4aE1S25WMumKf,usr-stem-degree
VvE3PoskhV3iGgFjVjarlwC2Y32nCX5P,usr-copt-student
DXEedNS4d8d8HGMMgxSuY3wsRWFh5WlX,usr-cs-degree
XlQb1ITVwl1whiQX7UuRdUuEbwTo9suI,usr-uni-student
yzrpLBfp5gx27Epl0LdFlV4ZNkWHNFlb,usr-cs-degree
TRdgaa1zUgT31oki9ytEb43DLo0Hz4wz,usr-uni-student
slI8tL3JUXhOrhwcMdHQw4DFfN1ne9OW,usr-cs-degree
PNMiw32hdqrpbruspv4bKRsoStxDzTvk,usr-cs-degree
fU8pxaCd6sk7Akqm8nyg89Ago27Jxpho,usr-cs-degree
QUkWRLvT1IGnxNTl2SndU2NEL7WSX0BF,usr-uni-student
dGjSnN54Y8XdVX8sGbFnbHNBxrLrF7d5,usr-cs-degree
HkkhpqZI92FddKnEwdqRJa40JSkBRpwE,usr-uni-student
O1uB4lH9dKSrCFl2JT5EoXr5CaTXqZSc,usr-uni-student
4g6YXw7bWujQZhpzfloncOGNJhJz6xWb,usr-uni-student
J14UWxHG6HCJD4FMHrBQgBQDxH6v7dQM,usr-cs-degree
h8vcttwvK3f5hfExGOawPfyfVS7FA73E,usr-copt-student
h8vcttwvK3f5hfExGOawPfyfVS7FA73E,usr-uni-student
9L3iMNGYD7vfCtDgXqPTuNhidlHZCLmW,usr-cs-degree
UFOmpz2kVpn1sBkgVmhC1PJm8szenNqx,usr-cs-degree
UFOmpz2kVpn1sBkgVmhC1PJm8szenNqx,usr-uni-student
0xUonRriHSQFC4jZSi34vdZqEVXioOt9,usr-cs-degree
PcgCVxXtlqnQEIsBZ3iWm18MuaCwdPJp,usr-cs-degree
Lrjixe1suURbuEBDC0nJhVV41UKLovZC,usr-uni-student
t6iA8EZBsqBYjrb3jIo3qMp4HtbOA0Uu,usr-cs-degree
U2p6Y0ZJjNQMNeif46YTHNEXWVTZJZZM,usr-cs-degree
YOnfWH3fWuYT1ACeYuXIoNjV0ck4hJVZ,usr-cs-degree
BGK8jzohwUwT4ScTDUrs0Qn5lKnRIly0,usr-cs-degree
zaLYOxLECjoadeUuMyekiGr2CQNDwcmS,usr-cs-degree
zaLYOxLECjoadeUuMyekiGr2CQNDwcmS,usr-uni-student
zaLYOxLECjoadeUuMyekiGr2CQNDwcmS,usr-stem-degree
2km6CAfoaKHxO1ZpLOihYGvWcTUIlhdP,usr-cs-degree
KKkwP5RdRpAKRs8WtVfNlBsQKt1MuTOB,usr-stem-degree
TQIyOMeWEnLaEDat5OQMh4gcCNgUHCP0,usr-uni-student
7KqWBxEPMrw28XmQZ900S7Fs7euT9ANI,usr-cs-degree
87ry3vuCpKmxD4WBSzNb4TuPWVdDAzVB,usr-cs-degree
iYjRGSUXRNGwbzNyrv3WaeHHKWG6M7Dl,usr-uni-student
m8CEdRB1z5eObO3OwW1Gb5psTr3gxxsu,usr-cs-degree
4N5dRbPbYHIjUXMddKjV6EJsiO7DyjWP,usr-uni-student
Nv19Jt73GPsJWdMCeSgohIW0DJ5RARtk,usr-uni-student
nOOMrFV1kBMfMZTtfJuMsDonq7aAAwPS,usr-cs-degree
nOOMrFV1kBMfMZTtfJuMsDonq7aAAwPS,usr-uni-student
IZ9uw6jnspev5ibFjHDq9EcJzzgKoCtb,usr-uni-student
ZHIsMmF4Y3VEUxpRYdmKerdaSMWJWq8b,usr-uni-student
nlBgcz4xQoFpYCuvGpk3lP91i7ahhpV0,usr-stem-degree
56KxARUpeOvgGsH709nMyostt7G7Azxt,usr-cs-degree
RmE8XyflHB9I8xYPFv7ufrslywXqwRTg,usr-uni-student
RBwQJmFW5o6wJNz0cU1vhz5Ys2bKIETm,usr-cs-degree
RBwQJmFW5o6wJNz0cU1vhz5Ys2bKIETm,usr-stem-degree
RBwQJmFW5o6wJNz0cU1vhz5Ys2bKIETm,usr-uni-student
YMEeXuspuhgn7l5ATkkTY7yiA3WqcgSh,usr-copt-student
6UpMekJkW1p03O8bRY1gmlqQLJE2JikV,usr-stem-degree
FZiPynlhvwJNm41tOD1qA4uSz74bpHZe,usr-uni-student
IcyE8kq00O0TvMswf8wZnhak8cYp2QGs,usr-uni-student
IcyE8kq00O0TvMswf8wZnhak8cYp2QGs,usr-cs-degree
IcyE8kq00O0TvMswf8wZnhak8cYp2QGs,usr-stem-degree
DvLMRn5FCZilS62JEy7RUjofNXerUdxj,usr-uni-student
nodQhKO8jqRRHMU0PEOamdmAWPYUB2Ew,usr-uni-student
lZR3ie8oK6UL1NE18gI3KmqZuImiEBWr,usr-uni-student
OKO7R1pzt6YIrbbLaOM09g1CAT7KnC5d,usr-cs-degree
a8yvGbtN1wzdrdrZRBFJjos2lDW5HBNh,usr-uni-student
g1AwdBThFSn21YybQWznKX6FjjN9NRrj,usr-cs-degree
YtntjS0fwaIRfoWFYsbLZ9MVFxMOTt4R,usr-uni-student
5cvVfOLMT5DenTFJC0oGoQFIvgwgnmwU,usr-copt-student
D2Ps00TH8tTpixdiqj2vTDUa6swq84Oz,usr-cs-degree
o6oFm3vAdpHbTllBDUq2az30j3roOIMB,usr-stem-degree
bp5sQrfFpJ58eW3fJlzubd27qjKjV1dL,usr-uni-student
crAOaJRCdANqWaIIYFLLRSFfgiVIsrl6,usr-stem-degree
crAOaJRCdANqWaIIYFLLRSFfgiVIsrl6,usr-cs-degree
cmjOVo901g6xy351bOeRyRnaF8ELrsBw,usr-copt-student
DCAf8Q7kNkaDtaUjMPhxhku7oq0eu7S2,usr-copt-student
oEJy0Mnb8taEBwApe7Fs5Q9oajc4dhVZ,usr-uni-student
J6RfsrchPJhKFdzrFrlH88KLe6PuJ0ak,usr-uni-student
TWSLhOUtsfJ7ISzp0RRbat8s7lLCXU7C,usr-cs-degree
TWSLhOUtsfJ7ISzp0RRbat8s7lLCXU7C,usr-uni-student
OJ33y4Rr7CKUrijkMbkNZRBnUoWapTuJ,usr-uni-student
OJ33y4Rr7CKUrijkMbkNZRBnUoWapTuJ,usr-cs-degree
I5dpRBADzLZlJF8m9IU4dgJttYEjR91v,usr-uni-student
Z0XIZho3VDUOkwlrh6q22HPT7KHPHiqY,usr-uni-student
Z0XIZho3VDUOkwlrh6q22HPT7KHPHiqY,usr-cs-degree
erxqZJZkRTEg4KaPgEIliRwZqg5EVgjY,usr-uni-student
erxqZJZkRTEg4KaPgEIliRwZqg5EVgjY,usr-cs-degree
erxqZJZkRTEg4KaPgEIliRwZqg5EVgjY,usr-stem-degree
5U07iH9MoI5DuiH1t3nJ30XQDrRezXQ0,usr-cs-degree
S9vySeo5SVfBMF1Cv021vMWCTuM0LQAW,usr-cs-degree
IP98BfQ3NFZhY6CvOAWDSSn3Zv4vbp59,usr-uni-student
bvuKbi7gjoa5M6Fj0JlUQpLUcolOWKJj,usr-uni-student
yuFe34Sabrfpqdtg4arfzZKLr8apCbuo,usr-cs-degree
rywmr6vrlg2I1aL4siv8FX7Pfr4w2rOL,usr-cs-degree
rywmr6vrlg2I1aL4siv8FX7Pfr4w2rOL,usr-uni-student
mTQpicSGKk58SR8vVFlrBCdcGl5cZHhN,usr-copt-student
ri4SbrSeiEAFL5ipWpYJIkl5oTcEz045,usr-cs-degree
ri4SbrSeiEAFL5ipWpYJIkl5oTcEz045,usr-stem-degree
ri4SbrSeiEAFL5ipWpYJIkl5oTcEz045,usr-uni-student
tc1v63E6MY478VgDZZEtuQOsB3M1os18,usr-cs-degree
kzwS3U84mVGBCDuG9mlvnlTsAHX47nxp,usr-cs-degree
kzwS3U84mVGBCDuG9mlvnlTsAHX47nxp,usr-uni-student
1i8ODfQc9O1QCFXH1WHOWdqyh9aXnRu8,usr-copt-student
1i8ODfQc9O1QCFXH1WHOWdqyh9aXnRu8,usr-cs-degree
oE8ZNcHvrGoG9IpcX2GzsaYaIylKaxYy,usr-uni-student
nFhswGh9DwAmBfA191y0s6jnLpm9Xy6A,usr-uni-student
pY6Gzy6jIa3ll9GoogKXPjIai2G97i9c,usr-uni-student
sYFLTgvdR438aPWBfBy5suKc1zTSaIj0,usr-uni-student
TUqx6DhM1TKunszibMwQixtRPxEtdBKV,usr-cs-degree
TUqx6DhM1TKunszibMwQixtRPxEtdBKV,usr-uni-student
TUqx6DhM1TKunszibMwQixtRPxEtdBKV,usr-stem-degree
4DhTcGM8MYIlSlm1ErKbWgxepnyxE05y,usr-uni-student
9ut5cQcW4p6ro04qNc4AccBVEf9yoSxX,usr-cs-degree
9ut5cQcW4p6ro04qNc4AccBVEf9yoSxX,usr-uni-student
DptHeyPC42YL5mBk8BhPQWEVt4B0SXtw,usr-uni-student
5tcvQ84ZkePWi0r9YdrmMZbYpkvVukQL,usr-uni-student
Y9nJ0fQdyXDHVrm5D3cdfdrZiFbDomRY,usr-copt-student
qUnxmctfUy08hGPw0PX9sxNypRketldA,usr-uni-student
hStQjMRSJbEkkBnAvmgEzt0RTf5eOkiv,usr-uni-student
hStQjMRSJbEkkBnAvmgEzt0RTf5eOkiv,usr-cs-degree
ewrSfTzpy8PmcxgxxnlxKvwZBTEWwKoO,usr-cs-degree
N3oSU4WRjIEKYnU1nCqKPseFJWXUDEk8,usr-uni-student
hcuNa2LGpsLxycVXNUXHuqYLWtaVK85t,usr-cs-degree
b2z4yvoijGN6ezIAcWP81YUWi3caGIx8,usr-copt-student
TvCbXHVHjIbqD7bilniUezzpdn1gRq61,usr-cs-degree
BHvSDSNmTmq0eyQqXIT4HNrubl8y1QNo,usr-uni-student
cyS5M1qoC92bmDvJYNk1v7ruu046N41E,usr-uni-student
cyS5M1qoC92bmDvJYNk1v7ruu046N41E,usr-cs-degree
3XGD8LzaH4K85Tu326nNTgyfHwWAeeqm,usr-copt-student
pT7DCS4w7BZbmYkK69Po83kGAz4zO2OV,usr-copt-student
k0Y7ICUKjnpfI2MFbKmwgYmjdQgOHAhT,usr-cs-degree
HfSuiUeOIH0YSB6MzQNslNOaCtgxIDYm,usr-cs-degree
fFgTgTz9jwIhPtlvDomgZj65oCdctqa9,usr-uni-student
KIzMRFFEloQ0GCWhcfV2Dj7IGTk408Ql,usr-uni-student
9f5b8OEDf7ST8T9aEUPPpvxzE6uzP8NS,usr-cs-degree
pFQcQ0eJvk5OlRqI7qhsmwG2IivFsARb,usr-stem-degree
pFQcQ0eJvk5OlRqI7qhsmwG2IivFsARb,usr-copt-student
pFQcQ0eJvk5OlRqI7qhsmwG2IivFsARb,usr-uni-student
pFQcQ0eJvk5OlRqI7qhsmwG2IivFsARb,usr-cs-degree
P525IBs8Wa99cxBwJMQecTbGVSsJnH0D,usr-cs-degree
Lehh4CYyTAGtEqAZq2EvcBTeJcpdiHpb,usr-copt-student
Lehh4CYyTAGtEqAZq2EvcBTeJcpdiHpb,usr-cs-degree
Lehh4CYyTAGtEqAZq2EvcBTeJcpdiHpb,usr-stem-degree
Lehh4CYyTAGtEqAZq2EvcBTeJcpdiHpb,usr-uni-student
DL29QMw5XrTfWN2FBgG1eSG6Fb6mACAh,usr-cs-degree
DL29QMw5XrTfWN2FBgG1eSG6Fb6mACAh,usr-stem-degree
u7LZZpMsgRq5R25OGJYwZP58xYRPpFvx,usr-uni-student
u7LZZpMsgRq5R25OGJYwZP58xYRPpFvx,usr-cs-degree
u7LZZpMsgRq5R25OGJYwZP58xYRPpFvx,usr-stem-degree
2yj3oOSzzNlhXlm3l5L80DVloBVu0NqV,usr-cs-degree
DtiNxISXJCMwmtsN2LUQi77GNhRK9ZlX,usr-cs-degree
GCP3yK6sDoizTsPRXQvmCUuaxHMziAdg,usr-uni-student
EBZbeGzEBMlQJBKUBjKaZScICmeolMUV,usr-uni-student
3EEDLg9N9hIGfcrNN7OmAiuEiLIURUFA,usr-uni-student
3EEDLg9N9hIGfcrNN7OmAiuEiLIURUFA,usr-stem-degree
3EEDLg9N9hIGfcrNN7OmAiuEiLIURUFA,usr-cs-degree
uib6BjRhdYFViqtQvnhAfAk959Pc4fXq,usr-stem-degree
uib6BjRhdYFViqtQvnhAfAk959Pc4fXq,usr-cs-degree
uib6BjRhdYFViqtQvnhAfAk959Pc4fXq,usr-uni-student
H0fnOGjz8QWh8xPe0CDCGZcpTS8Om2Bu,usr-copt-student
GmOTRyxP3JkfXx9VgfRMKsbZvqRxPizn,usr-cs-degree
RJqVQUa5cv82WLqbgXKB8MfMbV73kvjQ,usr-uni-student
El6XJF89bgMRSaqkR1lDp7mxx7Phf9Tx,usr-uni-student
ERFsCAdiIxLPz93BBpdQ88oyUw0r2Otg,usr-uni-student
OuQc3JH7a5zbEz0yixeKfWhGmUqkaGKR,usr-cs-degree
OuQc3JH7a5zbEz0yixeKfWhGmUqkaGKR,usr-uni-student
8nChNaiuOZS9Lyqw8zizIwu5rNyPPMZk,usr-stem-degree
kGXrGofbezl1MjTAWDZjfZoqcwxaDoGe,usr-stem-degree
2kvZe7fnZWDyncts8uYYA2MOs2rAbPjc,usr-cs-degree
krA1hLj716qiuIyk0WeHeLAngzFcaQN7,usr-copt-student
RswhciDdxDT7yJDxSR7Kqqpkq4VjHCSH,usr-cs-degree
7elNFbexkPDz1T4fLPStKR3qf9LoQ9kU,usr-uni-student
cKonvT0pj1CTWjk3ebHyww8Uzs0rPjuk,usr-stem-degree
9tqpDdYINTcLRJpGrfd46ImobWSJkD3m,usr-cs-degree
yrwkPViQiLFw5EweugBjwvnbbA5rePID,usr-cs-degree
Hvzw4YEyBkNiJ4C3WV31bSf6MixqxFoK,usr-uni-student
e4HPVrbNqsPxvZJ8wTL47EB0vrUHGr24,usr-cs-degree
eBOzCivJoiAcEP7bQHRkLAPOG0LRUyhv,usr-cs-degree
AbsCqcXfJ2FKfrNP6Ti0oIcmGYKRLGxl,usr-cs-degree
W47vRfcfyAlu89CHEW2367bLVnroCQ8i,usr-cs-degree
znqKEBQLaBrJ3BLBrdnf27cYszgIpdg3,usr-uni-student
