0xUonRriHSQFC4jZSi34vdZqEVXioOt9,1
1a0rn0p2SWxTxpnLca0YmZ0DHpvatFqp,1
1i8ODfQc9O1QCFXH1WHOWdqyh9aXnRu8,1
1Opd60rOKhjPxoWBUMIJhbIFHGdHp8fQ,2
1qUdadHGeC9FSK0Xgs5hroblgOoidMbb,1
1YxhQxapaHWS0SiOOriBkPo4bkU9Huvz,1
2kEHAcBZPYjcKK4jSoPDTvJWe5a9e2zr,1
2km6CAfoaKHxO1ZpLOihYGvWcTUIlhdP,1
2kvZe7fnZWDyncts8uYYA2MOs2rAbPjc,1
2yj3oOSzzNlhXlm3l5L80DVloBVu0NqV,1
3EEDLg9N9hIGfcrNN7OmAiuEiLIURUFA,1
3XGD8LzaH4K85Tu326nNTgyfHwWAeeqm,1
4DhTcGM8MYIlSlm1ErKbWgxepnyxE05y,1
4g6YXw7bWujQZhpzfloncOGNJhJz6xWb,1
4jHFy5S4M6Q71L7ENzGASQp6G7CipA3c,1
4N5dRbPbYHIjUXMddKjV6EJsiO7DyjWP,1
4qFhZEoHwA6KnkB4hu0iDU5DXI28IWbU,1
4ZmgEVJ6vuE6QGsCzriSa5QFXw26m0ZR,1
56KxARUpeOvgGsH709nMyostt7G7Azxt,1
5cvVfOLMT5DenTFJC0oGoQFIvgwgnmwU,1
5s673T4JLBH8oHot6kz2uOhjHK0yh3QK,1
5tcvQ84ZkePWi0r9YdrmMZbYpkvVukQL,1
5U07iH9MoI5DuiH1t3nJ30XQDrRezXQ0,1
6eqlmmUN1tDJFHmcQja5xR9V2cFeluC9,1
6UpMekJkW1p03O8bRY1gmlqQLJE2JikV,1
73Mzhs3xpzpq22PM3SGuUFgRvDGXv9vp,1
7elNFbexkPDz1T4fLPStKR3qf9LoQ9kU,1
7KqWBxEPMrw28XmQZ900S7Fs7euT9ANI,1
87ry3vuCpKmxD4WBSzNb4TuPWVdDAzVB,1
8nChNaiuOZS9Lyqw8zizIwu5rNyPPMZk,1
8ojZp4X2Ocs3uWJ3I7vxIkEB36FwzvEI,2
9f5b8OEDf7ST8T9aEUPPpvxzE6uzP8NS,1
9L3iMNGYD7vfCtDgXqPTuNhidlHZCLmW,1
9tqpDdYINTcLRJpGrfd46ImobWSJkD3m,1
9ut5cQcW4p6ro04qNc4AccBVEf9yoSxX,1
a8yvGbtN1wzdrdrZRBFJjos2lDW5HBNh,1
AbsCqcXfJ2FKfrNP6Ti0oIcmGYKRLGxl,1
AiE6MND0ZBGavLscR9lAFwmYFfVSmpkk,1
AvOAFlayFJbpoNKyi7u8P2df92uiOeMC,1
AZXg06o4Xknw0e6lpmk23AgNUWUs7sLV,1
b2z4yvoijGN6ezIAcWP81YUWi3caGIx8,2
BGK8jzohwUwT4ScTDUrs0Qn5lKnRIly0,1
BHvSDSNmTmq0eyQqXIT4HNrubl8y1QNo,1
bp5sQrfFpJ58eW3fJlzubd27qjKjV1dL,1
bvuKbi7gjoa5M6Fj0JlUQpLUcolOWKJj,1
cKonvT0pj1CTWjk3ebHyww8Uzs0rPjuk,3
cmjOVo901g6xy351bOeRyRnaF8ELrsBw,1
crAOaJRCdANqWaIIYFLLRSFfgiVIsrl6,1
cyS5M1qoC92bmDvJYNk1v7ruu046N41E,1
D2Ps00TH8tTpixdiqj2vTDUa6swq84Oz,1
DCAf8Q7kNkaDtaUjMPhxhku7oq0eu7S2,1
dGjSnN54Y8XdVX8sGbFnbHNBxrLrF7d5,1
dH9fOigaSadcyVg3HEoDOg7xgTD9sHYu,1
DL29QMw5XrTfWN2FBgG1eSG6Fb6mACAh,1
DptHeyPC42YL5mBk8BhPQWEVt4B0SXtw,1
DtiNxISXJCMwmtsN2LUQi77GNhRK9ZlX,1
DvLMRn5FCZilS62JEy7RUjofNXerUdxj,1
DXEedNS4d8d8HGMMgxSuY3wsRWFh5WlX,1
e4HPVrbNqsPxvZJ8wTL47EB0vrUHGr24,1
eBOzCivJoiAcEP7bQHRkLAPOG0LRUyhv,1
EBZbeGzEBMlQJBKUBjKaZScICmeolMUV,1
El6XJF89bgMRSaqkR1lDp7mxx7Phf9Tx,1
ERFsCAdiIxLPz93BBpdQ88oyUw0r2Otg,1
erxqZJZkRTEg4KaPgEIliRwZqg5EVgjY,1
eWQLp9zK3ZdBuXsPzer4aE1S25WMumKf,1
ewrSfTzpy8PmcxgxxnlxKvwZBTEWwKoO,1
fDmR4r9NnonfpbTAK9TCtGvUW6A0AuK2,1
fFgTgTz9jwIhPtlvDomgZj65oCdctqa9,2
fU8pxaCd6sk7Akqm8nyg89Ago27Jxpho,1
FVkQlopuckVQAyftNfTrv2LIv3nlF8Pn,1
FZiPynlhvwJNm41tOD1qA4uSz74bpHZe,1
g1AwdBThFSn21YybQWznKX6FjjN9NRrj,1
GCP3yK6sDoizTsPRXQvmCUuaxHMziAdg,1
giIlmuRXeopLpoIHi9boLcAGKgK3F5q7,1
GmOTRyxP3JkfXx9VgfRMKsbZvqRxPizn,1
gqBwiwqitlUKqCh1sgWTREBM48kcnzkY,1
gz8eRyfe6wIl7BGgpYeocBYcIV7OwjiF,1
H0fnOGjz8QWh8xPe0CDCGZcpTS8Om2Bu,1
h8vcttwvK3f5hfExGOawPfyfVS7FA73E,1
HaXQTRRkKS0PKXnGP1V1zMJqBLHx8Ooe,1
hcuNa2LGpsLxycVXNUXHuqYLWtaVK85t,1
HfSuiUeOIH0YSB6MzQNslNOaCtgxIDYm,1
HkkhpqZI92FddKnEwdqRJa40JSkBRpwE,1
HOqdxVbfuO20iyowMN2lRXjdzXtmIWLp,1
hStQjMRSJbEkkBnAvmgEzt0RTf5eOkiv,1
Hvzw4YEyBkNiJ4C3WV31bSf6MixqxFoK,1
I5dpRBADzLZlJF8m9IU4dgJttYEjR91v,1
IcyE8kq00O0TvMswf8wZnhak8cYp2QGs,1
iDxasD9y1EGQc53Kk9s293khmi1GX8cP,1
IP98BfQ3NFZhY6CvOAWDSSn3Zv4vbp59,1
iYjRGSUXRNGwbzNyrv3WaeHHKWG6M7Dl,2
IZ9uw6jnspev5ibFjHDq9EcJzzgKoCtb,1
J14UWxHG6HCJD4FMHrBQgBQDxH6v7dQM,1
J6RfsrchPJhKFdzrFrlH88KLe6PuJ0ak,1
JkrhW729sgIekZ4D0yn58xeNsoRdrdNw,1
Jw6VTfVLULL9El4Q9FJJOY0iYv59Z8ZI,1
k0Y7ICUKjnpfI2MFbKmwgYmjdQgOHAhT,1
kGXrGofbezl1MjTAWDZjfZoqcwxaDoGe,2
KIzMRFFEloQ0GCWhcfV2Dj7IGTk408Ql,1
KKkwP5RdRpAKRs8WtVfNlBsQKt1MuTOB,1
krA1hLj716qiuIyk0WeHeLAngzFcaQN7,1
kxukYhJwqJjbLQvwUPw4ynlxI98rf76w,1
kzwS3U84mVGBCDuG9mlvnlTsAHX47nxp,2
L9Gam6KEdRtPqyZEHQ72OoH2HQDBiUmX,1
Lehh4CYyTAGtEqAZq2EvcBTeJcpdiHpb,2
Lrjixe1suURbuEBDC0nJhVV41UKLovZC,1
lZR3ie8oK6UL1NE18gI3KmqZuImiEBWr,1
m8CEdRB1z5eObO3OwW1Gb5psTr3gxxsu,1
mEvA1VAzyMph4rVUx0DNgG40GnAu1H97,1
mTQpicSGKk58SR8vVFlrBCdcGl5cZHhN,1
N3oSU4WRjIEKYnU1nCqKPseFJWXUDEk8,1
nFhswGh9DwAmBfA191y0s6jnLpm9Xy6A,1
nlBgcz4xQoFpYCuvGpk3lP91i7ahhpV0,1
nodQhKO8jqRRHMU0PEOamdmAWPYUB2Ew,1
nOOMrFV1kBMfMZTtfJuMsDonq7aAAwPS,1
Nv19Jt73GPsJWdMCeSgohIW0DJ5RARtk,1
O1uB4lH9dKSrCFl2JT5EoXr5CaTXqZSc,1
o6oFm3vAdpHbTllBDUq2az30j3roOIMB,1
oE8ZNcHvrGoG9IpcX2GzsaYaIylKaxYy,1
oEJy0Mnb8taEBwApe7Fs5Q9oajc4dhVZ,1
OJ33y4Rr7CKUrijkMbkNZRBnUoWapTuJ,1
OKO7R1pzt6YIrbbLaOM09g1CAT7KnC5d,1
oOeym5IhVgpPinhvHOXKTl5hQqJq2WDC,1
OuQc3JH7a5zbEz0yixeKfWhGmUqkaGKR,1
P525IBs8Wa99cxBwJMQecTbGVSsJnH0D,1
p8BUAisPShQ167JxDkPPTX8uG4PE8pVT,1
PcgCVxXtlqnQEIsBZ3iWm18MuaCwdPJp,1
pFQcQ0eJvk5OlRqI7qhsmwG2IivFsARb,1
PNMiw32hdqrpbruspv4bKRsoStxDzTvk,1
pT7DCS4w7BZbmYkK69Po83kGAz4zO2OV,1
PWk3noH463scQg8qOLHFotINFcd39wiv,1
pY6Gzy6jIa3ll9GoogKXPjIai2G97i9c,1
Q2DuHwbgXBsPQ96EXmp771Q2E0bVuZFd,1
QUkWRLvT1IGnxNTl2SndU2NEL7WSX0BF,1
qUnxmctfUy08hGPw0PX9sxNypRketldA,1
QuRUG2wAQk3gCpIzQ0AtNaY7zTSLy3qx,1
RBwQJmFW5o6wJNz0cU1vhz5Ys2bKIETm,1
ri4SbrSeiEAFL5ipWpYJIkl5oTcEz045,1
RJEDQjy0ZKSUKyKaPrmkTb0c6UTXrUIJ,1
RJqVQUa5cv82WLqbgXKB8MfMbV73kvjQ,1
RmE8XyflHB9I8xYPFv7ufrslywXqwRTg,1
RswhciDdxDT7yJDxSR7Kqqpkq4VjHCSH,1
rywmr6vrlg2I1aL4siv8FX7Pfr4w2rOL,1
s1xgsj10VtDJUgzQyVQmyMZCUkqUcCwc,1
S9vySeo5SVfBMF1Cv021vMWCTuM0LQAW,1
SHyLZWnwexsMRDWtLg7Sob6JSXvhYwM5,1
slI8tL3JUXhOrhwcMdHQw4DFfN1ne9OW,1
sYFLTgvdR438aPWBfBy5suKc1zTSaIj0,4
t6iA8EZBsqBYjrb3jIo3qMp4HtbOA0Uu,1
tc1v63E6MY478VgDZZEtuQOsB3M1os18,1
TQIyOMeWEnLaEDat5OQMh4gcCNgUHCP0,1
TRdgaa1zUgT31oki9ytEb43DLo0Hz4wz,1
TUqx6DhM1TKunszibMwQixtRPxEtdBKV,1
TvCbXHVHjIbqD7bilniUezzpdn1gRq61,1
TWSLhOUtsfJ7ISzp0RRbat8s7lLCXU7C,1
TxsGsb4ktjGj6QOsUFAwrZFT7GouMSvp,1
U2p6Y0ZJjNQMNeif46YTHNEXWVTZJZZM,1
u7LZZpMsgRq5R25OGJYwZP58xYRPpFvx,1
UFOmpz2kVpn1sBkgVmhC1PJm8szenNqx,1
uib6BjRhdYFViqtQvnhAfAk959Pc4fXq,1
VvE3PoskhV3iGgFjVjarlwC2Y32nCX5P,2
VzU7QH1rdWKx7sX1mfERsFyZqGnrVf5v,1
W47vRfcfyAlu89CHEW2367bLVnroCQ8i,1
Xduy3YRaQ7SVxrSzdBcVzOdaD28rUAdX,1
XlQb1ITVwl1whiQX7UuRdUuEbwTo9suI,1
XQFG6Fpevdwui5YFjqPuBdqO1RJgWOcG,1
Y9nJ0fQdyXDHVrm5D3cdfdrZiFbDomRY,1
yeKbL1q8k43EM3M1CwqCALAK3lb6EHqU,1
yLnl6N41bYwG0BnVCXfk4YGplRghUB5W,9
YMEeXuspuhgn7l5ATkkTY7yiA3WqcgSh,1
YOnfWH3fWuYT1ACeYuXIoNjV0ck4hJVZ,1
yrwkPViQiLFw5EweugBjwvnbbA5rePID,1
Yt2eRmgICSWluu6n5oh82KnPq0dRpsux,1
YtntjS0fwaIRfoWFYsbLZ9MVFxMOTt4R,1
yuFe34Sabrfpqdtg4arfzZKLr8apCbuo,1
yzrpLBfp5gx27Epl0LdFlV4ZNkWHNFlb,1
Z0XIZho3VDUOkwlrh6q22HPT7KHPHiqY,1
zaLYOxLECjoadeUuMyekiGr2CQNDwcmS,1
ZHcjoLX3fLg9WFgOoJjYKHabcYoxDiT9,1
ZHIsMmF4Y3VEUxpRYdmKerdaSMWJWq8b,1
zHyMZ5tPbSYPZS2TTZ0aWGrZWcLX0Vs2,1
znqKEBQLaBrJ3BLBrdnf27cYszgIpdg3,1
zOWjnPjALPayRsyl6S4wanbu4oMRSIf0,1
ZtNFk8mkbcmT2TWHGRYemipaAUsF8BtS,1
